{"cameraMode":{"drawMode":0,"name":"Shaded","section":"Shading Mode"},"sceneLighting":true,"audioPlay":false,"sceneViewState":{"m_AlwaysRefresh":false,"showFog":true,"showSkybox":true,"showFlares":true,"showImageEffects":true,"showParticleSystems":true,"showVisualEffectGraphs":true,"m_FxEnabled":true},"in2DMode":false,"pivot":{"x":-2.5823380947113039,"y":2.1465446949005129,"z":-7.835217475891113},"rotation":{"x":-0.0018072976963594556,"y":0.04108437895774841,"z":-0.00007564728002762422,"w":-0.9991652369499207},"size":1.2869962453842164,"orthographic":false}